{"resourceType":"ImplementationGuide","id":"hl7.fhir.cr-core.ig-0.2","text":{"status":"generated","div":"<div xmlns=\"http://www.w3.org/1999/xhtml\"><h2>Clinical Research Core Implementation Guide</h2><p>The official URL for this implementation guide is: </p><pre>https://esource-consortium.github.io/fhir-clinical-research/cr-core-ig</pre><div><p>This implementation guide is based on HL7 FHIR and defines the minimum conformance requirements necessary for exchanging clinical trial data. Typically, this exchange will be between a clinical trial site and a clinical trial sponsor.</p>\n</div></div>"},"url":"https://esource-consortium.github.io/fhir-clinical-research/cr-core-ig","version":"0.2","name":"Clinical Research Core Implementation Guide","status":"draft","experimental":false,"publisher":"Clinical Research Core Implementation Guide","description":"This implementation guide is based on HL7 FHIR and defines the minimum conformance requirements necessary for exchanging clinical trial data. Typically, this exchange will be between a clinical trial site and a clinical trial sponsor.","jurisdiction":[{"coding":[{"system":"http://unstats.un.org/unsd/methods/m49/m49.htm","code":"001"}]}],"fhirVersion":"4.0.0","package":[{"id":"general","name":"General Profiles","description":"General constraints on FHIR resources to be adhered to as part of the CR Core implementation guide that apply regardless of what area(s) of clinical research data exchange are of interest.","resource":[{"extension":[{"url":"http://hl7.org/fhir/StructureDefinition/implementationguide-page","valueUri":"cr-core-patient.html"}],"example":false,"name":"CR Core Patient","description":"CR Core patient profile","sourceReference":{"reference":"StructureDefinition/cr-core-patient"}},{"extension":[{"url":"http://hl7.org/fhir/StructureDefinition/implementationguide-page","valueUri":"cr-core-researchsubject.html"}],"example":false,"name":"CR Core ResearchSubject","description":"CR Core ResearchSubject profile","sourceReference":{"reference":"StructureDefinition/cr-core-researchsubject"}},{"extension":[{"url":"http://hl7.org/fhir/StructureDefinition/implementationguide-page","valueUri":"cr-core-researchstudy.html"}],"example":false,"name":"CR Core ResearchStudy","description":"CR Core ResearchStudy profile","sourceReference":{"reference":"StructureDefinition/cr-core-researchstudy"}},{"extension":[{"url":"http://hl7.org/fhir/StructureDefinition/implementationguide-page","valueUri":"cr-core-results.html"}],"example":false,"name":"CR Core Results","description":"CR Core Results profile","sourceReference":{"reference":"StructureDefinition/cr-core-results"}},{"extension":[{"url":"http://hl7.org/fhir/StructureDefinition/implementationguide-page","valueUri":"cr-core-searchparam-researchstudy.html"}],"example":false,"name":"ResearchStudy SearchParam","description":"CR Core ResearchStudy Search Parameter","sourceReference":{"reference":"StructureDefinition/cr-core-searchparam-researchstudy"}}]},{"id":"extensions","name":"Extensions","description":"Extensions defined as part of the CR Core implementation guide"},{"id":"examples","name":"Example(s)","description":"Example(s) showing the use of the CR Core profiles"}],"page":{"source":"toc.html","title":"Table of Contents","kind":"page","page":[{"source":"index.html","title":"Home","kind":"resource"},{"source":"generalguidance.html","title":"General Guidance","kind":"resource"},{"source":"profiles.html","title":"CR Core Profiles","kind":"resource"},{"source":"security.html","title":"General Security Considerations","kind":"resource"},{"source":"artifacts.html","title":"Artifacts","kind":"page","page":[{"source":"cr-core-patient.html","title":"CR Core Patient","kind":"resource"},{"source":"cr-core-researchsubject.html","title":"CR Core ResearchSubject","kind":"resource"},{"source":"cr-core-researchstudy.html","title":"CR Core ResearchStudy","kind":"resource"},{"source":"cr-core-results.html","title":"CR Core Results","kind":"resource"},{"source":"cr-core-searchparam-researchstudy.html","title":"ResearchStudy SearchParam","kind":"resource"}]}]}}