{"resourceType":"StructureDefinition","id":"cr-core-researchsubject","text":{"status":"generated","div":"<div xmlns=\"http://www.w3.org/1999/xhtml\"><table border=\"0\" cellpadding=\"0\" cellspacing=\"0\" style=\"border: 0px #F0F0F0 solid; font-size: 11px; font-family: verdana; vertical-align: top;\"><tr style=\"border: 1px #F0F0F0 solid; font-size: 11px; font-family: verdana; vertical-align: top;\"><th style=\"vertical-align: top; text-align : left; background-color: white; border: 0px #F0F0F0 solid; padding:0px 4px 0px 4px\" class=\"hierarchy\"><a href=\"http://build.fhir.org/formats.html#table\" title=\"The logical name of the element\">Name</a></th><th style=\"vertical-align: top; text-align : left; background-color: white; border: 0px #F0F0F0 solid; padding:0px 4px 0px 4px\" class=\"hierarchy\"><a href=\"http://build.fhir.org/formats.html#table\" title=\"Information about the use of the element\">Flags</a></th><th style=\"vertical-align: top; text-align : left; background-color: white; border: 0px #F0F0F0 solid; padding:0px 4px 0px 4px\" class=\"hierarchy\"><a href=\"http://build.fhir.org/formats.html#table\" title=\"Minimum and Maximum # of times the the element can appear in the instance\">Card.</a></th><th style=\"width: 100px\" class=\"hierarchy\"><a href=\"http://build.fhir.org/formats.html#table\" title=\"Reference to the type of the element\">Type</a></th><th style=\"vertical-align: top; text-align : left; background-color: white; border: 0px #F0F0F0 solid; padding:0px 4px 0px 4px\" class=\"hierarchy\"><a href=\"http://build.fhir.org/formats.html#table\" title=\"Additional information about the element\">Description &amp; Constraints</a><span style=\"float: right\"><a href=\"http://build.fhir.org/formats.html#table\" title=\"Legend for this format\"><img src=\"http://build.fhir.org/help16.png\" alt=\"doco\" style=\"background-color: inherit\"/></a></span></th></tr><tr style=\"border: 0px #F0F0F0 solid; padding:0px; vertical-align: top; background-color: white;\"><td style=\"vertical-align: top; text-align : left; background-color: white; border: 0px #F0F0F0 solid; padding:0px 4px 0px 4px; white-space: nowrap; background-image: url(tbl_bck1.png)\" class=\"hierarchy\"><img src=\"tbl_spacer.png\" alt=\".\" style=\"background-color: inherit\" class=\"hierarchy\"/><img src=\"icon_element.gif\" alt=\".\" style=\"background-color: white; background-color: inherit\" title=\"Element\" class=\"hierarchy\"/> <a href=\"{{[id]}}-definitions.html#ResearchSubject.identifier\" title=\"null\">identifier</a><a name=\"ResearchSubject.identifier\"> </a></td><td style=\"vertical-align: top; text-align : left; background-color: white; border: 0px #F0F0F0 solid; padding:0px 4px 0px 4px\" class=\"hierarchy\"><span style=\"padding-left: 3px; padding-right: 3px; color: white; background-color: red\" title=\"This element must be supported\">S</span></td><td style=\"vertical-align: top; text-align : left; background-color: white; border: 0px #F0F0F0 solid; padding:0px 4px 0px 4px\" class=\"hierarchy\"><span style=\"opacity: 0.4\">0</span><span style=\"opacity: 0.5\">..</span><span style=\"opacity: 0.4\">*</span></td><td style=\"vertical-align: top; text-align : left; background-color: white; border: 0px #F0F0F0 solid; padding:0px 4px 0px 4px\" class=\"hierarchy\"><a style=\"opacity: 0.4\" href=\"http://build.fhir.org/datatypes.html#Identifier\">Identifier</a></td><td style=\"vertical-align: top; text-align : left; background-color: white; border: 0px #F0F0F0 solid; padding:0px 4px 0px 4px\" class=\"hierarchy\"/></tr>\r\n<tr style=\"border: 0px #F0F0F0 solid; padding:0px; vertical-align: top; background-color: white;\"><td style=\"vertical-align: top; text-align : left; background-color: white; border: 0px #F0F0F0 solid; padding:0px 4px 0px 4px; white-space: nowrap; background-image: url(tbl_bck00.png)\" class=\"hierarchy\"><img src=\"tbl_spacer.png\" alt=\".\" style=\"background-color: inherit\" class=\"hierarchy\"/><img src=\"tbl_vjoin_end.png\" alt=\".\" style=\"background-color: inherit\" class=\"hierarchy\"/><img src=\"icon_element.gif\" alt=\".\" style=\"background-color: white; background-color: inherit\" title=\"Element\" class=\"hierarchy\"/> <a href=\"{{[id]}}-definitions.html#ResearchSubject.identifier.system\" title=\"null\">system</a><a name=\"ResearchSubject.identifier.system\"> </a></td><td style=\"vertical-align: top; text-align : left; background-color: white; border: 0px #F0F0F0 solid; padding:0px 4px 0px 4px\" class=\"hierarchy\"><span style=\"padding-left: 3px; padding-right: 3px; color: white; background-color: red\" title=\"This element must be supported\">S</span></td><td style=\"vertical-align: top; text-align : left; background-color: white; border: 0px #F0F0F0 solid; padding:0px 4px 0px 4px\" class=\"hierarchy\"><span style=\"opacity: 0.4\">0</span><span style=\"opacity: 0.5\">..</span><span style=\"opacity: 0.4\">1</span></td><td style=\"vertical-align: top; text-align : left; background-color: white; border: 0px #F0F0F0 solid; padding:0px 4px 0px 4px\" class=\"hierarchy\"><a style=\"opacity: 0.4\" href=\"http://build.fhir.org/datatypes.html#uri\">uri</a></td><td style=\"vertical-align: top; text-align : left; background-color: white; border: 0px #F0F0F0 solid; padding:0px 4px 0px 4px\" class=\"hierarchy\"/></tr>\r\n<tr><td colspan=\"5\" class=\"hierarchy\"><br/><a href=\"http://build.fhir.org/formats.html#table\" title=\"Legend for this format\"><img src=\"http://build.fhir.org/help16.png\" alt=\"doco\" style=\"background-color: inherit\"/> Documentation for this format</a></td></tr></table></div>"},"url":"https://build.fhir.org/ig/:org:/:repo:/StructureDefinition/cr-core-researchsubject","version":"0.2","name":"cr-core-researchsubject","status":"draft","date":"2019-02-27T11:48:50-05:00","fhirVersion":"4.0.0","mapping":[{"identity":"BRIDG5.1","uri":"https://bridgmodel.nci.nih.gov","name":"BRIDG 5.1 Mapping"},{"identity":"v2","uri":"http://hl7.org/v2","name":"HL7 v2 Mapping"},{"identity":"rim","uri":"http://hl7.org/v3","name":"RIM Mapping"},{"identity":"w5","uri":"http://hl7.org/fhir/fivews","name":"FiveWs Pattern Mapping"}],"kind":"resource","abstract":false,"type":"ResearchSubject","baseDefinition":"http://hl7.org/fhir/StructureDefinition/ResearchSubject","derivation":"constraint","snapshot":{"element":[{"id":"ResearchSubject","path":"ResearchSubject","short":"Physical entity which is the primary unit of interest in the study","definition":"A physical entity which is the primary unit of operational and/or administrative interest in a study.","comment":"Need to make sure we encompass public health studies.","alias":["Study Subject"],"min":0,"max":"*","base":{"path":"ResearchSubject","min":0,"max":"*"},"constraint":[{"key":"dom-2","severity":"error","human":"If the resource is contained in another resource, it SHALL NOT contain nested Resources","expression":"contained.contained.empty()","xpath":"not(parent::f:contained and f:contained)","source":"DomainResource"},{"key":"dom-4","severity":"error","human":"If a resource is contained in another resource, it SHALL NOT have a meta.versionId or a meta.lastUpdated","expression":"contained.meta.versionId.empty() and contained.meta.lastUpdated.empty()","xpath":"not(exists(f:contained/*/f:meta/f:versionId)) and not(exists(f:contained/*/f:meta/f:lastUpdated))","source":"DomainResource"},{"key":"dom-3","severity":"error","human":"If the resource is contained in another resource, it SHALL be referred to from elsewhere in the resource or SHALL refer to the containing resource","expression":"contained.where((('#'+id in (%resource.descendants().reference | %resource.descendants().as(canonical) | %resource.descendants().as(uri) | %resource.descendants().as(url))) or descendants().where(reference = '#').exists() or descendants().where(as(canonical) = '#').exists() or descendants().where(as(canonical) = '#').exists()).not()).trace('unmatched', id).empty()","xpath":"not(exists(for $contained in f:contained return $contained[not(parent::*/descendant::f:reference/@value=concat('#', $contained/*/id/@value) or descendant::f:reference[@value='#'])]))","source":"DomainResource"},{"extension":[{"url":"http://hl7.org/fhir/StructureDefinition/elementdefinition-bestpractice","valueBoolean":true},{"url":"http://hl7.org/fhir/StructureDefinition/elementdefinition-bestpractice-explanation","valueMarkdown":"When a resource has no narrative, only systems that fully understand the data can display the resource to a human safely. Including a human readable representation in the resource makes for a much more robust eco-system and cheaper handling of resources by intermediary systems. Some ecosystems restrict distribution of resources to only those systems that do fully understand the resources, and as a consequence implementers may believe that the narrative is superfluous. However experience shows that such eco-systems often open up to new participants over time."}],"key":"dom-6","severity":"warning","human":"A resource should have narrative for robust management","expression":"text.div.exists()","xpath":"exists(f:text/h:div)","source":"DomainResource"},{"key":"dom-5","severity":"error","human":"If a resource is contained in another resource, it SHALL NOT have a security label","expression":"contained.meta.security.empty()","xpath":"not(exists(f:contained/*/f:meta/f:security))","source":"DomainResource"}],"isModifier":false,"isSummary":false,"mapping":[{"identity":"rim","map":"Entity. Role, or Act"},{"identity":"BRIDG5.1","map":"StudySubject"},{"identity":"v2","map":"OBX"},{"identity":"rim","map":"Observation[classCode=CLNTRL, moodCode=EVN]"}]},{"id":"ResearchSubject.id","path":"ResearchSubject.id","short":"Logical id of this artifact","definition":"The logical id of the resource, as used in the URL for the resource. Once assigned, this value never changes.","comment":"The only time that a resource does not have an id is when it is being submitted to the server using a create operation.","min":0,"max":"1","base":{"path":"Resource.id","min":0,"max":"1"},"type":[{"code":"id"}],"isModifier":false,"isSummary":true},{"id":"ResearchSubject.meta","path":"ResearchSubject.meta","short":"Metadata about the resource","definition":"The metadata about the resource. This is content that is maintained by the infrastructure. Changes to the content might not always be associated with version changes to the resource.","min":0,"max":"1","base":{"path":"Resource.meta","min":0,"max":"1"},"type":[{"code":"Meta"}],"isModifier":false,"isSummary":true},{"id":"ResearchSubject.implicitRules","extension":[{"url":"http://hl7.org/fhir/4.0/StructureDefinition/extension-ElementDefinition.isModifierReason","valueString":"This element is labeled as a modifier because the implicit rules may provide additional knowledge about the resource that modifies it's meaning or interpretation"}],"path":"ResearchSubject.implicitRules","short":"A set of rules under which this content was created","definition":"A reference to a set of rules that were followed when the resource was constructed, and which must be understood when processing the content. Often, this is a reference to an implementation guide that defines the special rules along with other profiles etc.","comment":"Asserting this rule set restricts the content to be only understood by a limited set of trading partners. This inherently limits the usefulness of the data in the long term. However, the existing health eco-system is highly fractured, and not yet ready to define, collect, and exchange data in a generally computable sense. Wherever possible, implementers and/or specification writers should avoid using this element. Often, when used, the URL is a reference to an implementation guide that defines these special rules as part of it's narrative along with other profiles, value sets, etc.","min":0,"max":"1","base":{"path":"Resource.implicitRules","min":0,"max":"1"},"type":[{"code":"uri"}],"isModifier":true,"isSummary":true},{"id":"ResearchSubject.language","path":"ResearchSubject.language","short":"Language of the resource content","definition":"The base language in which the resource is written.","comment":"Language is provided to support indexing and accessibility (typically, services such as text to speech use the language tag). The html language tag in the narrative applies  to the narrative. The language tag on the resource may be used to specify the language of other presentations generated from the data in the resource. Not all the content has to be in the base language. The Resource.language should not be assumed to apply to the narrative automatically. If a language is specified, it should it also be specified on the div element in the html (see rules in HTML5 for information about the relationship between xml:lang and the html lang attribute).","min":0,"max":"1","base":{"path":"Resource.language","min":0,"max":"1"},"type":[{"code":"code"}],"isModifier":false,"isSummary":false,"binding":{"extension":[{"url":"http://hl7.org/fhir/StructureDefinition/elementdefinition-maxValueSet","valueReference":{"reference":"http://hl7.org/fhir/ValueSet/all-languages"}},{"url":"http://hl7.org/fhir/StructureDefinition/elementdefinition-bindingName","valueString":"Language"},{"url":"http://hl7.org/fhir/StructureDefinition/elementdefinition-isCommonBinding","valueBoolean":true}],"strength":"preferred","description":"A human language.","valueSetReference":{"reference":"http://hl7.org/fhir/ValueSet/languages"}}},{"id":"ResearchSubject.text","path":"ResearchSubject.text","short":"Text summary of the resource, for human interpretation","definition":"A human-readable narrative that contains a summary of the resource and can be used to represent the content of the resource to a human. The narrative need not encode all the structured data, but is required to contain sufficient detail to make it \"clinically safe\" for a human to just read the narrative. Resource definitions may define what content should be represented in the narrative to ensure clinical safety.","comment":"Contained resources do not have narrative. Resources that are not contained SHOULD have a narrative. In some cases, a resource may only have text with little or no additional discrete data (as long as all minOccurs=1 elements are satisfied).  This may be necessary for data from legacy systems where information is captured as a \"text blob\" or where text is additionally entered raw or narrated and encoded information is added later.","alias":["narrative","html","xhtml","display"],"min":0,"max":"1","base":{"path":"DomainResource.text","min":0,"max":"1"},"type":[{"code":"Narrative"}],"isModifier":false,"isSummary":false,"mapping":[{"identity":"rim","map":"Act.text?"}]},{"id":"ResearchSubject.contained","path":"ResearchSubject.contained","short":"Contained, inline Resources","definition":"These resources do not have an independent existence apart from the resource that contains them - they cannot be identified independently, and nor can they have their own independent transaction scope.","comment":"This should never be done when the content can be identified properly, as once identification is lost, it is extremely difficult (and context dependent) to restore it again. Contained resources may have profiles and tags In their meta elements, but SHALL NOT have security labels.","alias":["inline resources","anonymous resources","contained resources"],"min":0,"max":"*","base":{"path":"DomainResource.contained","min":0,"max":"*"},"type":[{"code":"Resource"}],"isModifier":false,"isSummary":false,"mapping":[{"identity":"rim","map":"N/A"}]},{"id":"ResearchSubject.extension","path":"ResearchSubject.extension","short":"Additional content defined by implementations","definition":"May be used to represent additional information that is not part of the basic definition of the resource. To make the use of extensions safe and manageable, there is a strict set of governance  applied to the definition and use of extensions. Though any implementer can define an extension, there is a set of requirements that SHALL be met as part of the definition of the extension.","comment":"There can be no stigma associated with the use of extensions by any application, project, or standard - regardless of the institution or jurisdiction that uses or defines the extensions.  The use of extensions is what allows the FHIR specification to retain a core level of simplicity for everyone.","alias":["extensions","user content"],"min":0,"max":"*","base":{"path":"DomainResource.extension","min":0,"max":"*"},"type":[{"code":"Extension"}],"isModifier":false,"isSummary":false,"mapping":[{"identity":"rim","map":"N/A"}]},{"id":"ResearchSubject.modifierExtension","extension":[{"url":"http://hl7.org/fhir/4.0/StructureDefinition/extension-ElementDefinition.isModifierReason","valueString":"Modifier extensions are expected to modify the meaning or interpretation of the resource that contains them"}],"path":"ResearchSubject.modifierExtension","short":"Extensions that cannot be ignored","definition":"May be used to represent additional information that is not part of the basic definition of the resource and that modifies the understanding of the element that contains it and/or the understanding of the containing element's descendants. Usually modifier elements provide negation or qualification. To make the use of extensions safe and manageable, there is a strict set of governance applied to the definition and use of extensions. Though any implementer is allowed to define an extension, there is a set of requirements that SHALL be met as part of the definition of the extension. Applications processing a resource are required to check for modifier extensions.\n\nModifier extensions SHALL NOT change the meaning of any elements on Resource or DomainResource (including cannot change the meaning of modifierExtension itself).","comment":"There can be no stigma associated with the use of extensions by any application, project, or standard - regardless of the institution or jurisdiction that uses or defines the extensions.  The use of extensions is what allows the FHIR specification to retain a core level of simplicity for everyone.","requirements":"Modifier extensions allow for extensions that *cannot* be safely ignored to be clearly distinguished from the vast majority of extensions which can be safely ignored.  This promotes interoperability by eliminating the need for implementers to prohibit the presence of extensions. For further information, see the [definition of modifier extensions](extensibility.html#modifierExtension).","alias":["extensions","user content"],"min":0,"max":"*","base":{"path":"DomainResource.modifierExtension","min":0,"max":"*"},"type":[{"code":"Extension"}],"isModifier":true,"isSummary":false,"mapping":[{"identity":"rim","map":"N/A"}]},{"id":"ResearchSubject.identifier","path":"ResearchSubject.identifier","short":"Business Identifier for research subject in a study","definition":"Identifiers assigned to this research subject for a study.","alias":["study-id"],"min":0,"max":"*","base":{"path":"ResearchSubject.identifier","min":0,"max":"*"},"type":[{"code":"Identifier"}],"mustSupport":true,"isModifier":false,"isSummary":true,"mapping":[{"identity":"w5","map":"FiveWs.identifier"},{"identity":"BRIDG5.1","map":"StudySubject > Subject.identifier"},{"identity":"rim","map":".identifier"}]},{"id":"ResearchSubject.identifier.id","path":"ResearchSubject.identifier.id","representation":["xmlAttr"],"short":"Unique id for inter-element referencing","definition":"Unique id for the element within a resource (for internal references). This may be any string value that does not contain spaces.","min":0,"max":"1","base":{"path":"Element.id","min":0,"max":"1"},"type":[{"code":"string"}],"isModifier":false,"isSummary":false,"mapping":[{"identity":"rim","map":"n/a"}]},{"id":"ResearchSubject.identifier.extension","path":"ResearchSubject.identifier.extension","slicing":{"discriminator":[{"type":"value","path":"url"}],"description":"Extensions are always sliced by (at least) url","rules":"open"},"short":"Additional content defined by implementations","definition":"May be used to represent additional information that is not part of the basic definition of the element. To make the use of extensions safe and manageable, there is a strict set of governance  applied to the definition and use of extensions. Though any implementer can define an extension, there is a set of requirements that SHALL be met as part of the definition of the extension.","comment":"There can be no stigma associated with the use of extensions by any application, project, or standard - regardless of the institution or jurisdiction that uses or defines the extensions.  The use of extensions is what allows the FHIR specification to retain a core level of simplicity for everyone.","alias":["extensions","user content"],"min":0,"max":"*","base":{"path":"Element.extension","min":0,"max":"*"},"type":[{"code":"Extension"}],"isModifier":false,"isSummary":false,"mapping":[{"identity":"rim","map":"n/a"}]},{"id":"ResearchSubject.identifier.use","extension":[{"url":"http://hl7.org/fhir/4.0/StructureDefinition/extension-ElementDefinition.isModifierReason","valueString":"This is labeled as \"Is Modifier\" because applications should not mistake a temporary id for a permanent one."}],"path":"ResearchSubject.identifier.use","short":"usual | official | temp | secondary | old (If known)","definition":"The purpose of this identifier.","comment":"Applications can assume that an identifier is permanent unless it explicitly says that it is temporary.","requirements":"Allows the appropriate identifier for a particular context of use to be selected from among a set of identifiers.","min":0,"max":"1","base":{"path":"Identifier.use","min":0,"max":"1"},"type":[{"code":"code"}],"isModifier":true,"isSummary":true,"binding":{"extension":[{"url":"http://hl7.org/fhir/StructureDefinition/elementdefinition-bindingName","valueString":"IdentifierUse"}],"strength":"required","description":"Identifies the purpose for this identifier, if known .","valueSetReference":{"reference":"http://hl7.org/fhir/ValueSet/identifier-use|4.0.0"}},"mapping":[{"identity":"v2","map":"N/A"},{"identity":"rim","map":"Role.code or implied by context"}]},{"id":"ResearchSubject.identifier.type","path":"ResearchSubject.identifier.type","short":"Description of identifier","definition":"A coded type for the identifier that can be used to determine which identifier to use for a specific purpose.","comment":"This element deals only with general categories of identifiers.  It SHOULD not be used for codes that correspond 1..1 with the Identifier.system. Some identifiers may fall into multiple categories due to common usage.   Where the system is known, a type is unnecessary because the type is always part of the system definition. However systems often need to handle identifiers where the system is not known. There is not a 1:1 relationship between type and system, since many different systems have the same type.","requirements":"Allows users to make use of identifiers when the identifier system is not known.","min":0,"max":"1","base":{"path":"Identifier.type","min":0,"max":"1"},"type":[{"code":"CodeableConcept"}],"isModifier":false,"isSummary":true,"binding":{"extension":[{"url":"http://hl7.org/fhir/StructureDefinition/elementdefinition-bindingName","valueString":"IdentifierType"},{"url":"http://hl7.org/fhir/StructureDefinition/elementdefinition-isCommonBinding","valueBoolean":true}],"strength":"extensible","description":"A coded type for an identifier that can be used to determine which identifier to use for a specific purpose.","valueSetReference":{"reference":"http://hl7.org/fhir/ValueSet/identifier-type"}},"mapping":[{"identity":"v2","map":"CX.5"},{"identity":"rim","map":"Role.code or implied by context"}]},{"id":"ResearchSubject.identifier.system","path":"ResearchSubject.identifier.system","short":"The namespace for the identifier value","definition":"Establishes the namespace for the value - that is, a URL that describes a set values that are unique.","comment":"Identifier.system is always case sensitive.","requirements":"There are many sets  of identifiers.  To perform matching of two identifiers, we need to know what set we're dealing with. The system identifies a particular set of unique identifiers.","min":0,"max":"1","base":{"path":"Identifier.system","min":0,"max":"1"},"type":[{"code":"uri"}],"example":[{"label":"General","valueUri":"http://www.acme.com/identifiers/patient"}],"mustSupport":true,"isModifier":false,"isSummary":true,"mapping":[{"identity":"v2","map":"CX.4 / EI-2-4"},{"identity":"rim","map":"II.root or Role.id.root"},{"identity":"servd","map":"./IdentifierType"}]},{"id":"ResearchSubject.identifier.value","path":"ResearchSubject.identifier.value","short":"The value that is unique","definition":"The portion of the identifier typically relevant to the user and which is unique within the context of the system.","comment":"If the value is a full URI, then the system SHALL be urn:ietf:rfc:3986.  The value's primary purpose is computational mapping.  As a result, it may be normalized for comparison purposes (e.g. removing non-significant whitespace, dashes, etc.)  A value formatted for human display can be conveyed using the [Rendered Value extension](extension-rendered-value.html). Identifier.value is to be treated as case sensitive unless knowledge of the Identifier.system allows the processer to be confident that non-case-sensitive processing is safe.","min":0,"max":"1","base":{"path":"Identifier.value","min":0,"max":"1"},"type":[{"code":"string"}],"example":[{"label":"General","valueString":"123456"}],"isModifier":false,"isSummary":true,"mapping":[{"identity":"v2","map":"CX.1 / EI.1"},{"identity":"rim","map":"II.extension or II.root if system indicates OID or GUID (Or Role.id.extension or root)"},{"identity":"servd","map":"./Value"}]},{"id":"ResearchSubject.identifier.period","path":"ResearchSubject.identifier.period","short":"Time period when id is/was valid for use","definition":"Time period during which identifier is/was valid for use.","min":0,"max":"1","base":{"path":"Identifier.period","min":0,"max":"1"},"type":[{"code":"Period"}],"isModifier":false,"isSummary":true,"mapping":[{"identity":"v2","map":"CX.7 + CX.8"},{"identity":"rim","map":"Role.effectiveTime or implied by context"},{"identity":"servd","map":"./StartDate and ./EndDate"}]},{"id":"ResearchSubject.identifier.assigner","path":"ResearchSubject.identifier.assigner","short":"Organization that issued id (may be just text)","definition":"Organization that issued/manages the identifier.","comment":"The Identifier.assigner may omit the .reference element and only contain a .display element reflecting the name or other textual information about the assigning organization.","min":0,"max":"1","base":{"path":"Identifier.assigner","min":0,"max":"1"},"type":[{"code":"Reference","targetProfile":"http://hl7.org/fhir/StructureDefinition/Organization"}],"isModifier":false,"isSummary":true,"mapping":[{"identity":"v2","map":"CX.4 / (CX.4,CX.9,CX.10)"},{"identity":"rim","map":"II.assigningAuthorityName but note that this is an improper use by the definition of the field.  Also Role.scoper"},{"identity":"servd","map":"./IdentifierIssuingAuthority"}]},{"id":"ResearchSubject.status","extension":[{"url":"http://hl7.org/fhir/4.0/StructureDefinition/extension-ElementDefinition.isModifierReason","valueString":"This element is labeled as a modifier because it is a status element that contains status entered-in-error which means that the resource should not be treated as valid"}],"path":"ResearchSubject.status","short":"candidate | eligible | follow-up | ineligible | not-registered | off-study | on-study | on-study-intervention | on-study-observation | pending-on-study | potential-candidate | screening | withdrawn","definition":"The current state of the subject.","min":1,"max":"1","base":{"path":"ResearchSubject.status","min":1,"max":"1"},"type":[{"code":"code"}],"isModifier":true,"isSummary":true,"binding":{"extension":[{"url":"http://hl7.org/fhir/StructureDefinition/elementdefinition-bindingName","valueString":"ResearchSubjectStatus"}],"strength":"required","description":"Indicates the progression of a study subject through a study.","valueSetReference":{"reference":"http://hl7.org/fhir/ValueSet/research-subject-status|4.0.0"}},"mapping":[{"identity":"w5","map":"FiveWs.status"},{"identity":"BRIDG5.1","map":"StudySubject.statusCode"},{"identity":"rim","map":".status"}]},{"id":"ResearchSubject.period","path":"ResearchSubject.period","short":"Start and end of participation","definition":"The dates the subject began and ended their participation in the study.","alias":["timing"],"min":0,"max":"1","base":{"path":"ResearchSubject.period","min":0,"max":"1"},"type":[{"code":"Period"}],"isModifier":false,"isSummary":true,"mapping":[{"identity":"w5","map":"FiveWs.planned"},{"identity":"BRIDG5.1","map":"PerformedStudySubjectMilestone.studyReferenceDateRange"}]},{"id":"ResearchSubject.study","path":"ResearchSubject.study","short":"Study subject is part of","definition":"Reference to the study the subject is participating in.","min":1,"max":"1","base":{"path":"ResearchSubject.study","min":1,"max":"1"},"type":[{"code":"Reference","targetProfile":"https://build.fhir.org/ig/:org:/:repo:/StructureDefinition/cr-core-researchstudy"}],"mustSupport":true,"isModifier":false,"isSummary":true,"mapping":[{"identity":"BRIDG5.1","map":"StudySubjectProtocolVersionRelationship"}]},{"id":"ResearchSubject.individual","path":"ResearchSubject.individual","short":"Who is part of study","definition":"The record of the person or animal who is involved in the study.","min":1,"max":"1","base":{"path":"ResearchSubject.individual","min":1,"max":"1"},"type":[{"code":"Reference","targetProfile":"https://build.fhir.org/ig/:org:/:repo:/StructureDefinition/cr-core-patient"}],"mustSupport":true,"isModifier":false,"isSummary":true,"mapping":[{"identity":"BRIDG5.1","map":"StudySubject"}]},{"id":"ResearchSubject.assignedArm","path":"ResearchSubject.assignedArm","short":"What path should be followed","definition":"The name of the arm in the study the subject is expected to follow as part of this study.","min":0,"max":"1","base":{"path":"ResearchSubject.assignedArm","min":0,"max":"1"},"type":[{"code":"string"}],"isModifier":false,"isSummary":false,"mapping":[{"identity":"BRIDG5.1","map":"Arm > ExperimentalUnit > BiologicEntity > Subject > StudySubject"}]},{"id":"ResearchSubject.actualArm","path":"ResearchSubject.actualArm","short":"What path was followed","definition":"The name of the arm in the study the subject actually followed as part of this study.","min":0,"max":"1","base":{"path":"ResearchSubject.actualArm","min":0,"max":"1"},"type":[{"code":"string"}],"isModifier":false,"isSummary":false,"mapping":[{"identity":"BRIDG5.1","map":"Arm > ExperimentalUnit > BiologicEntity > Subject > StudySubject"}]},{"id":"ResearchSubject.consent","path":"ResearchSubject.consent","short":"Agreement to participate in study","definition":"A record of the patient's informed agreement to participate in the study.","min":0,"max":"1","base":{"path":"ResearchSubject.consent","min":0,"max":"1"},"type":[{"code":"Reference","targetProfile":"http://hl7.org/fhir/StructureDefinition/Consent"}],"isModifier":false,"isSummary":false,"mapping":[{"identity":"BRIDG5.1","map":"ResearchStudy.consent is related to PerformedStudySubjectMilestone.informedConsentIndicator in that the informedConsentIndicator can be derived from the data in the Consent resource."}]}]},"differential":{"element":[{"id":"ResearchSubject.identifier","path":"ResearchSubject.identifier","alias":["study-id"],"mustSupport":true},{"id":"ResearchSubject.identifier.system","path":"ResearchSubject.identifier.system","mustSupport":true},{"id":"ResearchSubject.study","path":"ResearchSubject.study","type":[{"code":"Reference","targetProfile":"https://build.fhir.org/ig/:org:/:repo:/StructureDefinition/cr-core-researchstudy"}],"mustSupport":true},{"id":"ResearchSubject.individual","path":"ResearchSubject.individual","type":[{"code":"Reference","targetProfile":"https://build.fhir.org/ig/:org:/:repo:/StructureDefinition/cr-core-patient"}],"mustSupport":true}]}}