<?xml version="1.0" encoding="UTF-8"?><StructureDefinition xmlns="http://hl7.org/fhir"><id value="cr-core-searchparam-researchstudy"/><text><status value="generated"/><div xmlns="http://www.w3.org/1999/xhtml"><table border="0" cellpadding="0" cellspacing="0" style="border: 0px #F0F0F0 solid; font-size: 11px; font-family: verdana; vertical-align: top;"><tr style="border: 1px #F0F0F0 solid; font-size: 11px; font-family: verdana; vertical-align: top;"><th style="vertical-align: top; text-align : left; background-color: white; border: 0px #F0F0F0 solid; padding:0px 4px 0px 4px" class="hierarchy"><a href="http://build.fhir.org/formats.html#table" title="The logical name of the element">Name</a></th><th style="vertical-align: top; text-align : left; background-color: white; border: 0px #F0F0F0 solid; padding:0px 4px 0px 4px" class="hierarchy"><a href="http://build.fhir.org/formats.html#table" title="Information about the use of the element">Flags</a></th><th style="vertical-align: top; text-align : left; background-color: white; border: 0px #F0F0F0 solid; padding:0px 4px 0px 4px" class="hierarchy"><a href="http://build.fhir.org/formats.html#table" title="Minimum and Maximum # of times the the element can appear in the instance">Card.</a></th><th style="width: 100px" class="hierarchy"><a href="http://build.fhir.org/formats.html#table" title="Reference to the type of the element">Type</a></th><th style="vertical-align: top; text-align : left; background-color: white; border: 0px #F0F0F0 solid; padding:0px 4px 0px 4px" class="hierarchy"><a href="http://build.fhir.org/formats.html#table" title="Additional information about the element">Description &amp; Constraints</a><span style="float: right"><a href="http://build.fhir.org/formats.html#table" title="Legend for this format"><img src="http://build.fhir.org/help16.png" alt="doco" style="background-color: inherit"/></a></span></th></tr><tr style="border: 0px #F0F0F0 solid; padding:0px; vertical-align: top; background-color: white;"><td style="vertical-align: top; text-align : left; background-color: white; border: 0px #F0F0F0 solid; padding:0px 4px 0px 4px; white-space: nowrap; background-image: url(tbl_bck0.png)" class="hierarchy"><img src="tbl_spacer.png" alt="." style="background-color: inherit" class="hierarchy"/><img src="icon_element.gif" alt="." style="background-color: white; background-color: inherit" title="Element" class="hierarchy"/> <a href="{{[id]}}-definitions.html#SearchParameter.description" title="Allows for searching of an element by ResearchStudy, typical in clinical research scenarios.">description</a><a name="SearchParameter.description"> </a></td><td style="vertical-align: top; text-align : left; background-color: white; border: 0px #F0F0F0 solid; padding:0px 4px 0px 4px" class="hierarchy"/><td style="vertical-align: top; text-align : left; background-color: white; border: 0px #F0F0F0 solid; padding:0px 4px 0px 4px" class="hierarchy"/><td style="vertical-align: top; text-align : left; background-color: white; border: 0px #F0F0F0 solid; padding:0px 4px 0px 4px" class="hierarchy"/><td style="vertical-align: top; text-align : left; background-color: white; border: 0px #F0F0F0 solid; padding:0px 4px 0px 4px" class="hierarchy">Search by ResearchStudy</td></tr>
<tr><td colspan="5" class="hierarchy"><br/><a href="http://build.fhir.org/formats.html#table" title="Legend for this format"><img src="http://build.fhir.org/help16.png" alt="doco" style="background-color: inherit"/> Documentation for this format</a></td></tr></table></div></text><url value="http://example.org/fhir/StructureDefinition/CRCore_sp_researchstudy"/><version value="0.2"/><name value="CRCoreSearchParamResearchStudy"/><status value="draft"/><date value="2019-06-19T16:17:38-04:00"/><fhirVersion value="4.0.0"/><mapping><identity value="v2"/><uri value="http://hl7.org/v2"/><name value="HL7 v2 Mapping"/></mapping><mapping><identity value="rim"/><uri value="http://hl7.org/v3"/><name value="RIM Mapping"/></mapping><mapping><identity value="workflow"/><uri value="http://hl7.org/fhir/workflow"/><name value="Workflow Pattern"/></mapping><mapping><identity value="w5"/><uri value="http://hl7.org/fhir/fivews"/><name value="FiveWs Pattern Mapping"/></mapping><mapping><identity value="objimpl"/><uri value="http://hl7.org/fhir/object-implementation"/><name value="Object Implementation Information"/></mapping><kind value="resource"/><abstract value="false"/><type value="SearchParameter"/><baseDefinition value="http://hl7.org/fhir/StructureDefinition/SearchParameter"/><derivation value="constraint"/><snapshot><element id="SearchParameter"><path value="SearchParameter"/><short value="Search parameter for a resource"/><definition value="A search parameter that defines a named search item that can be used to search/filter on a resource."/><comment value="In FHIR, search is not performed directly on a resource (by XML or JSON path), but on a named parameter that maps into the resource content."/><min value="0"/><max value="*"/><base><path value="SearchParameter"/><min value="0"/><max value="*"/></base><constraint><key value="dom-2"/><severity value="error"/><human value="If the resource is contained in another resource, it SHALL NOT contain nested Resources"/><expression value="contained.contained.empty()"/><xpath value="not(parent::f:contained and f:contained)"/><source value="DomainResource"/></constraint><constraint><key value="dom-4"/><severity value="error"/><human value="If a resource is contained in another resource, it SHALL NOT have a meta.versionId or a meta.lastUpdated"/><expression value="contained.meta.versionId.empty() and contained.meta.lastUpdated.empty()"/><xpath value="not(exists(f:contained/*/f:meta/f:versionId)) and not(exists(f:contained/*/f:meta/f:lastUpdated))"/><source value="DomainResource"/></constraint><constraint><key value="dom-3"/><severity value="error"/><human value="If the resource is contained in another resource, it SHALL be referred to from elsewhere in the resource or SHALL refer to the containing resource"/><expression value="contained.where(((&#39;#&#39;+id in (%resource.descendants().reference | %resource.descendants().as(canonical) | %resource.descendants().as(uri) | %resource.descendants().as(url))) or descendants().where(reference = &#39;#&#39;).exists() or descendants().where(as(canonical) = &#39;#&#39;).exists() or descendants().where(as(canonical) = &#39;#&#39;).exists()).not()).trace(&#39;unmatched&#39;, id).empty()"/><xpath value="not(exists(for $contained in f:contained return $contained[not(parent::*/descendant::f:reference/@value=concat(&#39;#&#39;, $contained/*/id/@value) or descendant::f:reference[@value=&#39;#&#39;])]))"/><source value="DomainResource"/></constraint><constraint><extension url="http://hl7.org/fhir/StructureDefinition/elementdefinition-bestpractice"><valueBoolean value="true"/></extension><extension url="http://hl7.org/fhir/StructureDefinition/elementdefinition-bestpractice-explanation"><valueMarkdown value="When a resource has no narrative, only systems that fully understand the data can display the resource to a human safely. Including a human readable representation in the resource makes for a much more robust eco-system and cheaper handling of resources by intermediary systems. Some ecosystems restrict distribution of resources to only those systems that do fully understand the resources, and as a consequence implementers may believe that the narrative is superfluous. However experience shows that such eco-systems often open up to new participants over time."/></extension><key value="dom-6"/><severity value="warning"/><human value="A resource should have narrative for robust management"/><expression value="text.div.exists()"/><xpath value="exists(f:text/h:div)"/><source value="DomainResource"/></constraint><constraint><key value="dom-5"/><severity value="error"/><human value="If a resource is contained in another resource, it SHALL NOT have a security label"/><expression value="contained.meta.security.empty()"/><xpath value="not(exists(f:contained/*/f:meta/f:security))"/><source value="DomainResource"/></constraint><constraint><key value="spd-0"/><severity value="warning"/><human value="Name should be usable as an identifier for the module by machine processing applications such as code generation"/><expression value="name.matches(&#39;[A-Z]([A-Za-z0-9_]){0,254}&#39;)"/><xpath value="not(exists(f:name/@value)) or matches(f:name/@value, &#39;[A-Z]([A-Za-z0-9_]){0,254}&#39;)"/></constraint><constraint><key value="spd-1"/><severity value="error"/><human value="If an xpath is present, there SHALL be an xpathUsage"/><expression value="xpath.empty() or xpathUsage.exists()"/><xpath value="not(exists(f:xpath)) or exists(f:xpathUsage)"/></constraint><constraint><key value="spd-2"/><severity value="error"/><human value="Search parameters can only have chain names when the search parameter type is &#39;reference&#39;"/><expression value="chain.empty() or type = &#39;reference&#39;"/><xpath value="not(exists(f:chain)) or (f:type/@value = &#39;reference&#39;)"/></constraint><isModifier value="false"/><isSummary value="false"/><mapping><identity value="rim"/><map value="Entity. Role, or Act"/></mapping><mapping><identity value="v2"/><map value="n/a"/></mapping><mapping><identity value="rim"/><map value="n/a"/></mapping></element><element id="SearchParameter.id"><path value="SearchParameter.id"/><short value="Logical id of this artifact"/><definition value="The logical id of the resource, as used in the URL for the resource. Once assigned, this value never changes."/><comment value="The only time that a resource does not have an id is when it is being submitted to the server using a create operation."/><min value="0"/><max value="1"/><base><path value="Resource.id"/><min value="0"/><max value="1"/></base><type><code value="id"/></type><isModifier value="false"/><isSummary value="true"/></element><element id="SearchParameter.meta"><path value="SearchParameter.meta"/><short value="Metadata about the resource"/><definition value="The metadata about the resource. This is content that is maintained by the infrastructure. Changes to the content might not always be associated with version changes to the resource."/><min value="0"/><max value="1"/><base><path value="Resource.meta"/><min value="0"/><max value="1"/></base><type><code value="Meta"/></type><isModifier value="false"/><isSummary value="true"/></element><element id="SearchParameter.implicitRules"><path value="SearchParameter.implicitRules"/><short value="A set of rules under which this content was created"/><definition value="A reference to a set of rules that were followed when the resource was constructed, and which must be understood when processing the content. Often, this is a reference to an implementation guide that defines the special rules along with other profiles etc."/><comment value="Asserting this rule set restricts the content to be only understood by a limited set of trading partners. This inherently limits the usefulness of the data in the long term. However, the existing health eco-system is highly fractured, and not yet ready to define, collect, and exchange data in a generally computable sense. Wherever possible, implementers and/or specification writers should avoid using this element. Often, when used, the URL is a reference to an implementation guide that defines these special rules as part of it&#39;s narrative along with other profiles, value sets, etc."/><min value="0"/><max value="1"/><base><path value="Resource.implicitRules"/><min value="0"/><max value="1"/></base><type><code value="uri"/></type><isModifier value="true"/><isModifierReason value="This element is labeled as a modifier because the implicit rules may provide additional knowledge about the resource that modifies it&#39;s meaning or interpretation"/><isSummary value="true"/></element><element id="SearchParameter.language"><path value="SearchParameter.language"/><short value="Language of the resource content"/><definition value="The base language in which the resource is written."/><comment value="Language is provided to support indexing and accessibility (typically, services such as text to speech use the language tag). The html language tag in the narrative applies  to the narrative. The language tag on the resource may be used to specify the language of other presentations generated from the data in the resource. Not all the content has to be in the base language. The Resource.language should not be assumed to apply to the narrative automatically. If a language is specified, it should it also be specified on the div element in the html (see rules in HTML5 for information about the relationship between xml:lang and the html lang attribute)."/><min value="0"/><max value="1"/><base><path value="Resource.language"/><min value="0"/><max value="1"/></base><type><code value="code"/></type><isModifier value="false"/><isSummary value="false"/><binding><extension url="http://hl7.org/fhir/StructureDefinition/elementdefinition-maxValueSet"><valueCanonical value="http://hl7.org/fhir/ValueSet/all-languages"/></extension><extension url="http://hl7.org/fhir/StructureDefinition/elementdefinition-bindingName"><valueString value="Language"/></extension><extension url="http://hl7.org/fhir/StructureDefinition/elementdefinition-isCommonBinding"><valueBoolean value="true"/></extension><strength value="preferred"/><description value="A human language."/><valueSet value="http://hl7.org/fhir/ValueSet/languages"/></binding></element><element id="SearchParameter.text"><path value="SearchParameter.text"/><short value="Text summary of the resource, for human interpretation"/><definition value="A human-readable narrative that contains a summary of the resource and can be used to represent the content of the resource to a human. The narrative need not encode all the structured data, but is required to contain sufficient detail to make it &quot;clinically safe&quot; for a human to just read the narrative. Resource definitions may define what content should be represented in the narrative to ensure clinical safety."/><comment value="Contained resources do not have narrative. Resources that are not contained SHOULD have a narrative. In some cases, a resource may only have text with little or no additional discrete data (as long as all minOccurs=1 elements are satisfied).  This may be necessary for data from legacy systems where information is captured as a &quot;text blob&quot; or where text is additionally entered raw or narrated and encoded information is added later."/><alias value="narrative"/><alias value="html"/><alias value="xhtml"/><alias value="display"/><min value="0"/><max value="1"/><base><path value="DomainResource.text"/><min value="0"/><max value="1"/></base><type><code value="Narrative"/></type><isModifier value="false"/><isSummary value="false"/><mapping><identity value="rim"/><map value="Act.text?"/></mapping></element><element id="SearchParameter.contained"><path value="SearchParameter.contained"/><short value="Contained, inline Resources"/><definition value="These resources do not have an independent existence apart from the resource that contains them - they cannot be identified independently, and nor can they have their own independent transaction scope."/><comment value="This should never be done when the content can be identified properly, as once identification is lost, it is extremely difficult (and context dependent) to restore it again. Contained resources may have profiles and tags In their meta elements, but SHALL NOT have security labels."/><alias value="inline resources"/><alias value="anonymous resources"/><alias value="contained resources"/><min value="0"/><max value="*"/><base><path value="DomainResource.contained"/><min value="0"/><max value="*"/></base><type><code value="Resource"/></type><isModifier value="false"/><isSummary value="false"/><mapping><identity value="rim"/><map value="N/A"/></mapping></element><element id="SearchParameter.extension"><path value="SearchParameter.extension"/><short value="Additional content defined by implementations"/><definition value="May be used to represent additional information that is not part of the basic definition of the resource. To make the use of extensions safe and manageable, there is a strict set of governance  applied to the definition and use of extensions. Though any implementer can define an extension, there is a set of requirements that SHALL be met as part of the definition of the extension."/><comment value="There can be no stigma associated with the use of extensions by any application, project, or standard - regardless of the institution or jurisdiction that uses or defines the extensions.  The use of extensions is what allows the FHIR specification to retain a core level of simplicity for everyone."/><alias value="extensions"/><alias value="user content"/><min value="0"/><max value="*"/><base><path value="DomainResource.extension"/><min value="0"/><max value="*"/></base><type><code value="Extension"/></type><isModifier value="false"/><isSummary value="false"/><mapping><identity value="rim"/><map value="N/A"/></mapping></element><element id="SearchParameter.modifierExtension"><path value="SearchParameter.modifierExtension"/><short value="Extensions that cannot be ignored"/><definition value="May be used to represent additional information that is not part of the basic definition of the resource and that modifies the understanding of the element that contains it and/or the understanding of the containing element&#39;s descendants. Usually modifier elements provide negation or qualification. To make the use of extensions safe and manageable, there is a strict set of governance applied to the definition and use of extensions. Though any implementer is allowed to define an extension, there is a set of requirements that SHALL be met as part of the definition of the extension. Applications processing a resource are required to check for modifier extensions.&#xA;&#xA;Modifier extensions SHALL NOT change the meaning of any elements on Resource or DomainResource (including cannot change the meaning of modifierExtension itself)."/><comment value="There can be no stigma associated with the use of extensions by any application, project, or standard - regardless of the institution or jurisdiction that uses or defines the extensions.  The use of extensions is what allows the FHIR specification to retain a core level of simplicity for everyone."/><requirements value="Modifier extensions allow for extensions that *cannot* be safely ignored to be clearly distinguished from the vast majority of extensions which can be safely ignored.  This promotes interoperability by eliminating the need for implementers to prohibit the presence of extensions. For further information, see the [definition of modifier extensions](http://build.fhir.org/extensibility.html#modifierExtension)."/><alias value="extensions"/><alias value="user content"/><min value="0"/><max value="*"/><base><path value="DomainResource.modifierExtension"/><min value="0"/><max value="*"/></base><type><code value="Extension"/></type><isModifier value="true"/><isModifierReason value="Modifier extensions are expected to modify the meaning or interpretation of the resource that contains them"/><isSummary value="false"/><mapping><identity value="rim"/><map value="N/A"/></mapping></element><element id="SearchParameter.url"><path value="SearchParameter.url"/><short value="Canonical identifier for this search parameter, represented as a URI (globally unique)"/><definition value="An absolute URI that is used to identify this search parameter when it is referenced in a specification, model, design or an instance; also called its canonical identifier. This SHOULD be globally unique and SHOULD be a literal address at which at which an authoritative instance of this search parameter is (or will be) published. This URL can be the target of a canonical reference. It SHALL remain the same when the search parameter is stored on different servers."/><comment value="Can be a urn:uuid: or a urn:oid: but real http: addresses are preferred.  Multiple instances may share the same URL if they have a distinct version.&#xA;&#xA;The determination of when to create a new version of a resource (same url, new version) vs. defining a new artifact is up to the author.  Considerations for making this decision are found in [Technical and Business Versions](http://build.fhir.org/resource.html#versions). &#xA;&#xA;In some cases, the resource can no longer be found at the stated url, but the url itself cannot change. Implementations can use the [meta.source](http://build.fhir.org/resource.html#meta) element to indicate where the current master source of the resource can be found."/><requirements value="Allows the search parameter to be referenced by a single globally unique identifier. To allow referencing and reusing search parameter definitions under other names on operational systems (in case of name clash)."/><min value="1"/><max value="1"/><base><path value="SearchParameter.url"/><min value="1"/><max value="1"/></base><type><code value="uri"/></type><isModifier value="false"/><isSummary value="true"/><mapping><identity value="workflow"/><map value="Definition.url"/></mapping><mapping><identity value="w5"/><map value="FiveWs.identifier"/></mapping></element><element id="SearchParameter.version"><path value="SearchParameter.version"/><short value="Business version of the search parameter"/><definition value="The identifier that is used to identify this version of the search parameter when it is referenced in a specification, model, design or instance. This is an arbitrary value managed by the search parameter author and is not expected to be globally unique. For example, it might be a timestamp (e.g. yyyymmdd) if a managed version is not available. There is also no expectation that versions can be placed in a lexicographical sequence."/><comment value="There may be different search parameter instances that have the same identifier but different versions.  The version can be appended to the url in a reference to allow a reference to a particular business version of the search parameter with the format [url]|[version]."/><min value="0"/><max value="1"/><base><path value="SearchParameter.version"/><min value="0"/><max value="1"/></base><type><code value="string"/></type><isModifier value="false"/><isSummary value="true"/><mapping><identity value="workflow"/><map value="Definition.version"/></mapping><mapping><identity value="w5"/><map value="FiveWs.version"/></mapping></element><element id="SearchParameter.name"><path value="SearchParameter.name"/><short value="Name for this search parameter (computer friendly)"/><definition value="A natural language name identifying the search parameter. This name should be usable as an identifier for the module by machine processing applications such as code generation."/><comment value="The name is not expected to be globally unique. The name should be a simple alphanumeric type name to ensure that it is machine-processing friendly."/><requirements value="Support human navigation and code generation."/><min value="1"/><max value="1"/><base><path value="SearchParameter.name"/><min value="1"/><max value="1"/></base><type><code value="string"/></type><condition value="inv-0"/><isModifier value="false"/><isSummary value="true"/></element><element id="SearchParameter.derivedFrom"><path value="SearchParameter.derivedFrom"/><short value="Original definition for the search parameter"/><definition value="Where this search parameter is originally defined. If a derivedFrom is provided, then the details in the search parameter must be consistent with the definition from which it is defined. i.e. the parameter should have the same meaning, and (usually) the functionality should be a proper subset of the underlying search parameter."/><comment value="The intent of this is that a server can designate that it provides support for a search parameter defined in the specification itself (e.g.  [`value-quantity`](http://hl7.org/fhir/SearchParameter/Observation-value-quantity), but detail how it is supported by the server."/><min value="0"/><max value="1"/><base><path value="SearchParameter.derivedFrom"/><min value="0"/><max value="1"/></base><type><code value="canonical"/><targetProfile value="http://hl7.org/fhir/StructureDefinition/SearchParameter"/></type><isModifier value="false"/><isSummary value="false"/></element><element id="SearchParameter.status"><path value="SearchParameter.status"/><short value="draft | active | retired | unknown"/><definition value="The status of this search parameter. Enables tracking the life-cycle of the content."/><comment value="Allows filtering of search parameters that are appropriate for use versus not."/><min value="1"/><max value="1"/><base><path value="SearchParameter.status"/><min value="1"/><max value="1"/></base><type><code value="code"/></type><isModifier value="true"/><isModifierReason value="This is labeled as &quot;Is Modifier&quot; because applications should not use a retired {{title}} without due consideration"/><isSummary value="true"/><binding><extension url="http://hl7.org/fhir/StructureDefinition/elementdefinition-bindingName"><valueString value="PublicationStatus"/></extension><extension url="http://hl7.org/fhir/StructureDefinition/elementdefinition-isCommonBinding"><valueBoolean value="true"/></extension><strength value="required"/><description value="The lifecycle status of an artifact."/><valueSet value="http://hl7.org/fhir/ValueSet/publication-status|4.0.0"/></binding><mapping><identity value="workflow"/><map value="Definition.status"/></mapping><mapping><identity value="w5"/><map value="FiveWs.status"/></mapping></element><element id="SearchParameter.experimental"><path value="SearchParameter.experimental"/><short value="For testing purposes, not real usage"/><definition value="A Boolean value to indicate that this search parameter is authored for testing purposes (or education/evaluation/marketing) and is not intended to be used for genuine usage."/><comment value="Allows filtering of search parameters that are appropriate for use versus not."/><requirements value="Enables experimental content to be developed following the same lifecycle that would be used for a production-level search parameter."/><min value="0"/><max value="1"/><base><path value="SearchParameter.experimental"/><min value="0"/><max value="1"/></base><type><code value="boolean"/></type><isModifier value="false"/><isSummary value="true"/><mapping><identity value="workflow"/><map value="Definition.experimental"/></mapping><mapping><identity value="w5"/><map value="FiveWs.class"/></mapping></element><element id="SearchParameter.date"><path value="SearchParameter.date"/><short value="Date last changed"/><definition value="The date  (and optionally time) when the search parameter was published. The date must change when the business version changes and it must change if the status code changes. In addition, it should change when the substantive content of the search parameter changes."/><comment value="Note that this is not the same as the resource last-modified-date, since the resource may be a secondary representation of the search parameter. Additional specific dates may be added as extensions or be found by consulting Provenances associated with past versions of the resource."/><alias value="Revision Date"/><min value="0"/><max value="1"/><base><path value="SearchParameter.date"/><min value="0"/><max value="1"/></base><type><code value="dateTime"/></type><isModifier value="false"/><isSummary value="true"/><mapping><identity value="workflow"/><map value="Definition.date"/></mapping><mapping><identity value="w5"/><map value="FiveWs.recorded"/></mapping></element><element id="SearchParameter.publisher"><path value="SearchParameter.publisher"/><short value="Name of the publisher (organization or individual)"/><definition value="The name of the organization or individual that published the search parameter."/><comment value="Usually an organization but may be an individual. The publisher (or steward) of the search parameter is the organization or individual primarily responsible for the maintenance and upkeep of the search parameter. This is not necessarily the same individual or organization that developed and initially authored the content. The publisher is the primary point of contact for questions or issues with the search parameter. This item SHOULD be populated unless the information is available from context."/><requirements value="Helps establish the &quot;authority/credibility&quot; of the search parameter.  May also allow for contact."/><min value="0"/><max value="1"/><base><path value="SearchParameter.publisher"/><min value="0"/><max value="1"/></base><type><code value="string"/></type><isModifier value="false"/><isSummary value="true"/><mapping><identity value="workflow"/><map value="Definition.publisher"/></mapping><mapping><identity value="w5"/><map value="FiveWs.witness"/></mapping></element><element id="SearchParameter.contact"><path value="SearchParameter.contact"/><short value="Contact details for the publisher"/><definition value="Contact details to assist a user in finding and communicating with the publisher."/><comment value="May be a web site, an email address, a telephone number, etc."/><min value="0"/><max value="*"/><base><path value="SearchParameter.contact"/><min value="0"/><max value="*"/></base><type><code value="ContactDetail"/></type><isModifier value="false"/><isSummary value="true"/><mapping><identity value="workflow"/><map value="Definition.contact"/></mapping></element><element id="SearchParameter.description"><path value="SearchParameter.description"/><short value="Search by ResearchStudy"/><definition value="Allows for searching of an element by ResearchStudy, typical in clinical research scenarios."/><comment value="This description can be used to capture details such as why the search parameter was built, comments about misuse, instructions for clinical use and interpretation, literature references, examples from the paper world, etc. It is not a rendering of the search parameter as conveyed in the &#39;text&#39; field of the resource itself. This item SHOULD be populated unless the information is available from context (e.g. the language of the search parameter is presumed to be the predominant language in the place the search parameter was created)."/><min value="1"/><max value="1"/><base><path value="SearchParameter.description"/><min value="1"/><max value="1"/></base><type><code value="markdown"/></type><isModifier value="false"/><isSummary value="true"/><mapping><identity value="workflow"/><map value="Definition.description"/></mapping></element><element id="SearchParameter.useContext"><path value="SearchParameter.useContext"/><short value="The context that the content is intended to support"/><definition value="The content was developed with a focus and intent of supporting the contexts that are listed. These contexts may be general categories (gender, age, ...) or may be references to specific programs (insurance plans, studies, ...) and may be used to assist with indexing and searching for appropriate search parameter instances."/><comment value="When multiple useContexts are specified, there is no expectation that all or any of the contexts apply."/><requirements value="Assist in searching for appropriate content."/><min value="0"/><max value="*"/><base><path value="SearchParameter.useContext"/><min value="0"/><max value="*"/></base><type><code value="UsageContext"/></type><isModifier value="false"/><isSummary value="true"/><mapping><identity value="workflow"/><map value="Definition.useContext"/></mapping></element><element id="SearchParameter.jurisdiction"><path value="SearchParameter.jurisdiction"/><short value="Intended jurisdiction for search parameter (if applicable)"/><definition value="A legal or geographic region in which the search parameter is intended to be used."/><comment value="It may be possible for the search parameter to be used in jurisdictions other than those for which it was originally designed or intended."/><min value="0"/><max value="*"/><base><path value="SearchParameter.jurisdiction"/><min value="0"/><max value="*"/></base><type><code value="CodeableConcept"/></type><isModifier value="false"/><isSummary value="true"/><binding><extension url="http://hl7.org/fhir/StructureDefinition/elementdefinition-bindingName"><valueString value="Jurisdiction"/></extension><extension url="http://hl7.org/fhir/StructureDefinition/elementdefinition-isCommonBinding"><valueBoolean value="true"/></extension><strength value="extensible"/><description value="Countries and regions within which this artifact is targeted for use."/><valueSet value="http://hl7.org/fhir/ValueSet/jurisdiction"/></binding><mapping><identity value="workflow"/><map value="Definition.jurisdiction"/></mapping></element><element id="SearchParameter.purpose"><path value="SearchParameter.purpose"/><short value="Why this search parameter is defined"/><definition value="Explanation of why this search parameter is needed and why it has been designed as it has."/><comment value="This element does not describe the usage of the search parameter. Instead, it provides traceability of &#39;&#39;why&#39;&#39; the resource is either needed or &#39;&#39;why&#39;&#39; it is defined as it is.  This may be used to point to source materials or specifications that drove the structure of this search parameter."/><min value="0"/><max value="1"/><base><path value="SearchParameter.purpose"/><min value="0"/><max value="1"/></base><type><code value="markdown"/></type><isModifier value="false"/><isSummary value="false"/><mapping><identity value="workflow"/><map value="Definition.purpose"/></mapping><mapping><identity value="w5"/><map value="FiveWs.why[x]"/></mapping><mapping><identity value="objimpl"/><map value="no-gen-base"/></mapping></element><element id="SearchParameter.code"><path value="SearchParameter.code"/><short value="Code used in URL"/><definition value="The code used in the URL or the parameter name in a parameters resource for this search parameter."/><comment value="For maximum compatibility, use only lowercase ASCII characters."/><min value="1"/><max value="1"/><base><path value="SearchParameter.code"/><min value="1"/><max value="1"/></base><type><code value="code"/></type><isModifier value="false"/><isSummary value="true"/></element><element id="SearchParameter.base"><path value="SearchParameter.base"/><short value="The resource type(s) this search parameter applies to"/><definition value="The base resource type(s) that this search parameter can be used against."/><comment value="A search parameter must always apply to at least one resource type. When search parameters apply to more than one resource type, they can be used against any of the listed resource types, or in a cross-type search (see [Cross Resource Search](http://build.fhir.org/http.html#xres-search))."/><min value="1"/><max value="*"/><base><path value="SearchParameter.base"/><min value="1"/><max value="*"/></base><type><code value="code"/></type><isModifier value="false"/><isSummary value="true"/><binding><extension url="http://hl7.org/fhir/StructureDefinition/elementdefinition-bindingName"><valueString value="ResourceType"/></extension><extension url="http://hl7.org/fhir/StructureDefinition/elementdefinition-isCommonBinding"><valueBoolean value="true"/></extension><strength value="required"/><description value="One of the resource types defined as part of this version of FHIR."/><valueSet value="http://hl7.org/fhir/ValueSet/resource-types|4.0.0"/></binding></element><element id="SearchParameter.type"><path value="SearchParameter.type"/><short value="number | date | string | token | reference | composite | quantity | uri | special"/><definition value="The type of value that a search parameter may contain, and how the content is interpreted."/><min value="1"/><max value="1"/><base><path value="SearchParameter.type"/><min value="1"/><max value="1"/></base><type><code value="code"/></type><isModifier value="false"/><isSummary value="true"/><binding><extension url="http://hl7.org/fhir/StructureDefinition/elementdefinition-bindingName"><valueString value="SearchParamType"/></extension><extension url="http://hl7.org/fhir/StructureDefinition/elementdefinition-isCommonBinding"><valueBoolean value="true"/></extension><strength value="required"/><description value="Data types allowed to be used for search parameters."/><valueSet value="http://hl7.org/fhir/ValueSet/search-param-type|4.0.0"/></binding></element><element id="SearchParameter.expression"><path value="SearchParameter.expression"/><short value="FHIRPath expression that extracts the values"/><definition value="A FHIRPath expression that returns a set of elements for the search parameter."/><comment value="Note that the elements returned by the expression are sometimes complex elements where logic is required to determine quite how to handle them; e.g. CodeableConcepts may contain text and/or multiple codings, where the codings themselves contain a code and a system. For composite search parameters, the outcome of the expression must a collection of base elements from which the composites are derived."/><min value="0"/><max value="1"/><base><path value="SearchParameter.expression"/><min value="0"/><max value="1"/></base><type><code value="string"/></type><condition value="spd-1"/><isModifier value="false"/><isSummary value="false"/></element><element id="SearchParameter.xpath"><path value="SearchParameter.xpath"/><short value="XPath that extracts the values"/><definition value="An XPath expression that returns a set of elements for the search parameter."/><comment value="Note that the elements returned by the XPath are sometimes complex elements where logic is required to determine quite how to handle them; e.g. CodeableConcepts may contain text and/or multiple codings, where the codings themselves contain a code and a system."/><min value="0"/><max value="1"/><base><path value="SearchParameter.xpath"/><min value="0"/><max value="1"/></base><type><code value="string"/></type><condition value="spd-1"/><isModifier value="false"/><isSummary value="false"/></element><element id="SearchParameter.xpathUsage"><path value="SearchParameter.xpathUsage"/><short value="normal | phonetic | nearby | distance | other"/><definition value="How the search parameter relates to the set of elements returned by evaluating the xpath query."/><min value="0"/><max value="1"/><base><path value="SearchParameter.xpathUsage"/><min value="0"/><max value="1"/></base><type><code value="code"/></type><condition value="spd-1"/><isModifier value="false"/><isSummary value="false"/><binding><extension url="http://hl7.org/fhir/StructureDefinition/elementdefinition-bindingName"><valueString value="XPathUsageType"/></extension><strength value="required"/><description value="How a search parameter relates to the set of elements returned by evaluating its xpath query."/><valueSet value="http://hl7.org/fhir/ValueSet/search-xpath-usage|4.0.0"/></binding></element><element id="SearchParameter.target"><path value="SearchParameter.target"/><short value="Types of resource (if a resource reference)"/><definition value="Types of resource (if a resource is referenced)."/><min value="0"/><max value="*"/><base><path value="SearchParameter.target"/><min value="0"/><max value="*"/></base><type><code value="code"/></type><isModifier value="false"/><isSummary value="false"/><binding><extension url="http://hl7.org/fhir/StructureDefinition/elementdefinition-bindingName"><valueString value="ResourceType"/></extension><extension url="http://hl7.org/fhir/StructureDefinition/elementdefinition-isCommonBinding"><valueBoolean value="true"/></extension><strength value="required"/><description value="One of the resource types defined as part of this version of FHIR."/><valueSet value="http://hl7.org/fhir/ValueSet/resource-types|4.0.0"/></binding></element><element id="SearchParameter.multipleOr"><path value="SearchParameter.multipleOr"/><short value="Allow multiple values per parameter (or)"/><definition value="Whether multiple values are allowed for each time the parameter exists. Values are separated by commas, and the parameter matches if any of the values match."/><min value="0"/><max value="1"/><base><path value="SearchParameter.multipleOr"/><min value="0"/><max value="1"/></base><type><code value="boolean"/></type><isModifier value="false"/><isSummary value="false"/></element><element id="SearchParameter.multipleAnd"><path value="SearchParameter.multipleAnd"/><short value="Allow multiple parameters (and)"/><definition value="Whether multiple parameters are allowed - e.g. more than one parameter with the same name. The search matches if all the parameters match."/><min value="0"/><max value="1"/><base><path value="SearchParameter.multipleAnd"/><min value="0"/><max value="1"/></base><type><code value="boolean"/></type><isModifier value="false"/><isSummary value="false"/></element><element id="SearchParameter.comparator"><path value="SearchParameter.comparator"/><short value="eq | ne | gt | lt | ge | le | sa | eb | ap"/><definition value="Comparators supported for the search parameter."/><comment value="If no comparators are listed, clients should not expect servers to support any comparators."/><min value="0"/><max value="*"/><base><path value="SearchParameter.comparator"/><min value="0"/><max value="*"/></base><type><code value="code"/></type><isModifier value="false"/><isSummary value="false"/><binding><extension url="http://hl7.org/fhir/StructureDefinition/elementdefinition-bindingName"><valueString value="SearchComparator"/></extension><strength value="required"/><description value="What Search Comparator Codes are supported in search."/><valueSet value="http://hl7.org/fhir/ValueSet/search-comparator|4.0.0"/></binding></element><element id="SearchParameter.modifier"><path value="SearchParameter.modifier"/><short value="missing | exact | contains | not | text | in | not-in | below | above | type | identifier | ofType"/><definition value="A modifier supported for the search parameter."/><min value="0"/><max value="*"/><base><path value="SearchParameter.modifier"/><min value="0"/><max value="*"/></base><type><code value="code"/></type><isModifier value="false"/><isSummary value="false"/><binding><extension url="http://hl7.org/fhir/StructureDefinition/elementdefinition-bindingName"><valueString value="SearchModifierCode"/></extension><strength value="required"/><description value="A supported modifier for a search parameter."/><valueSet value="http://hl7.org/fhir/ValueSet/search-modifier-code|4.0.0"/></binding></element><element id="SearchParameter.chain"><path value="SearchParameter.chain"/><short value="Chained names supported"/><definition value="Contains the names of any search parameters which may be chained to the containing search parameter. Chained parameters may be added to search parameters of type reference and specify that resources will only be returned if they contain a reference to a resource which matches the chained parameter value. Values for this field should be drawn from SearchParameter.code for a parameter on the target resource type."/><comment value="Systems are not required to list all the chain names they support, but if they don&#39;t list them, clients might not know to use them."/><min value="0"/><max value="*"/><base><path value="SearchParameter.chain"/><min value="0"/><max value="*"/></base><type><code value="string"/></type><isModifier value="false"/><isSummary value="false"/></element><element id="SearchParameter.component"><path value="SearchParameter.component"/><short value="For Composite resources to define the parts"/><definition value="Used to define the parts of a composite search parameter."/><min value="0"/><max value="*"/><base><path value="SearchParameter.component"/><min value="0"/><max value="*"/></base><type><code value="BackboneElement"/></type><constraint><key value="ele-1"/><severity value="error"/><human value="All FHIR elements must have a @value or children"/><expression value="hasValue() or (children().count() &gt; id.count())"/><xpath value="@value|f:*|h:div"/><source value="Element"/></constraint><isModifier value="false"/><isSummary value="false"/></element><element id="SearchParameter.component.id"><path value="SearchParameter.component.id"/><representation value="xmlAttr"/><short value="Unique id for inter-element referencing"/><definition value="Unique id for the element within a resource (for internal references). This may be any string value that does not contain spaces."/><min value="0"/><max value="1"/><base><path value="Element.id"/><min value="0"/><max value="1"/></base><type><code value="string"/></type><isModifier value="false"/><isSummary value="false"/><mapping><identity value="rim"/><map value="n/a"/></mapping></element><element id="SearchParameter.component.extension"><path value="SearchParameter.component.extension"/><short value="Additional content defined by implementations"/><definition value="May be used to represent additional information that is not part of the basic definition of the element. To make the use of extensions safe and manageable, there is a strict set of governance  applied to the definition and use of extensions. Though any implementer can define an extension, there is a set of requirements that SHALL be met as part of the definition of the extension."/><comment value="There can be no stigma associated with the use of extensions by any application, project, or standard - regardless of the institution or jurisdiction that uses or defines the extensions.  The use of extensions is what allows the FHIR specification to retain a core level of simplicity for everyone."/><alias value="extensions"/><alias value="user content"/><min value="0"/><max value="*"/><base><path value="Element.extension"/><min value="0"/><max value="*"/></base><type><code value="Extension"/></type><isModifier value="false"/><isSummary value="false"/><mapping><identity value="rim"/><map value="n/a"/></mapping></element><element id="SearchParameter.component.modifierExtension"><path value="SearchParameter.component.modifierExtension"/><short value="Extensions that cannot be ignored even if unrecognized"/><definition value="May be used to represent additional information that is not part of the basic definition of the element and that modifies the understanding of the element in which it is contained and/or the understanding of the containing element&#39;s descendants. Usually modifier elements provide negation or qualification. To make the use of extensions safe and manageable, there is a strict set of governance applied to the definition and use of extensions. Though any implementer can define an extension, there is a set of requirements that SHALL be met as part of the definition of the extension. Applications processing a resource are required to check for modifier extensions.&#xA;&#xA;Modifier extensions SHALL NOT change the meaning of any elements on Resource or DomainResource (including cannot change the meaning of modifierExtension itself)."/><comment value="There can be no stigma associated with the use of extensions by any application, project, or standard - regardless of the institution or jurisdiction that uses or defines the extensions.  The use of extensions is what allows the FHIR specification to retain a core level of simplicity for everyone."/><requirements value="Modifier extensions allow for extensions that *cannot* be safely ignored to be clearly distinguished from the vast majority of extensions which can be safely ignored.  This promotes interoperability by eliminating the need for implementers to prohibit the presence of extensions. For further information, see the [definition of modifier extensions](http://build.fhir.org/extensibility.html#modifierExtension)."/><alias value="extensions"/><alias value="user content"/><alias value="modifiers"/><min value="0"/><max value="*"/><base><path value="BackboneElement.modifierExtension"/><min value="0"/><max value="*"/></base><type><code value="Extension"/></type><isModifier value="true"/><isModifierReason value="Modifier extensions are expected to modify the meaning or interpretation of the element that contains them"/><isSummary value="true"/><mapping><identity value="rim"/><map value="N/A"/></mapping></element><element id="SearchParameter.component.definition"><path value="SearchParameter.component.definition"/><short value="Defines how the part works"/><definition value="The definition of the search parameter that describes this part."/><min value="1"/><max value="1"/><base><path value="SearchParameter.component.definition"/><min value="1"/><max value="1"/></base><type><code value="canonical"/><targetProfile value="http://hl7.org/fhir/StructureDefinition/SearchParameter"/></type><isModifier value="false"/><isSummary value="false"/></element><element id="SearchParameter.component.expression"><path value="SearchParameter.component.expression"/><short value="Subexpression relative to main expression"/><definition value="A sub-expression that defines how to extract values for this component from the output of the main SearchParameter.expression."/><comment value="This expression overrides the expression in the definition and extracts the index values from the outcome of the composite expression."/><min value="1"/><max value="1"/><base><path value="SearchParameter.component.expression"/><min value="1"/><max value="1"/></base><type><code value="string"/></type><isModifier value="false"/><isSummary value="false"/></element></snapshot><differential><element id="SearchParameter.description"><path value="SearchParameter.description"/><short value="Search by ResearchStudy"/><definition value="Allows for searching of an element by ResearchStudy, typical in clinical research scenarios."/></element></differential></StructureDefinition>