{
  "package": "hl7.fhir.cr-core.ig",
  "version": "0.3",
  "fhirVersion": "4.0.0",
  "jurisdiction": "001",
  "extensions": [],
  "profiles": {
    "Patient": [
      {
        "url": "https://esource-consortium.github.io/fhir-clinical-research/cr-core-patient",
        "title": "CRCorePatient"
      }
    ],
    "ResearchStudy": [
      {
        "url": "https://esource-consortium.github.io/fhir-clinical-research/cr-core-researchstudy",
        "title": "CRCoreResearchStudy"
      }
    ],
    "ResearchSubject": [
      {
        "url": "https://esource-consortium.github.io/fhir-clinical-research/cr-core-researchsubject",
        "title": "CRCoreResearchSubject"
      }
    ],
    "Observation": [
      {
        "url": "https://esource-consortium.github.io/fhir-clinical-research/cr-core-results",
        "title": "CRCoreResults"
      }
    ]
  },
  "usage": {
    "http://hl7.org/fhir/StructureDefinition/elementdefinition-bestpractice": [
      "StructureDefinition.snapshot.element.constraint"
    ],
    "http://hl7.org/fhir/StructureDefinition/elementdefinition-bestpractice-explanation": [
      "StructureDefinition.snapshot.element.constraint"
    ],
    "http://hl7.org/fhir/StructureDefinition/elementdefinition-bindingName": [
      "StructureDefinition.snapshot.element.binding"
    ],
    "http://hl7.org/fhir/StructureDefinition/elementdefinition-isCommonBinding": [
      "StructureDefinition.snapshot.element.binding"
    ],
    "http://hl7.org/fhir/StructureDefinition/elementdefinition-maxValueSet": [
      "StructureDefinition.snapshot.element.binding"
    ],
    "http://hl7.org/fhir/StructureDefinition/structuredefinition-display-hint": [
      "StructureDefinition.snapshot.element"
    ],
    "http://hl7.org/fhir/StructureDefinition/structuredefinition-explicit-type-name": [
      "StructureDefinition.snapshot.element"
    ],
    "http://hl7.org/fhir/StructureDefinition/structuredefinition-hierarchy": [
      "StructureDefinition.snapshot.element.type"
    ],
    "http://hl7.org/fhir/StructureDefinition/structuredefinition-standards-status": [
      "StructureDefinition.snapshot.element"
    ],
    "http://hl7.org/fhir/StructureDefinition/workflow-researchStudy": [
      "StructureDefinition"
    ]
  }
}